Rank,Name,Team,Gs,MPG,FGM,FGA,FG%,FTM,FTA,FT%,3PM,REB,AST,STL,BLK,TOV,PTS
1,James Harden,HOU,68,36.5,9.9012,22.3,0.444,10.207,11.8,0.865,4.4,6.6,7.5,1.8,0.9,4.5,34.3
2,Anthony Davis,LAL,62,34.4,8.9031,17.7,0.503,7.191,8.5,0.846,1.2,9.3,3.2,1.5,2.3,2.5,26.1
3,Damian Lillard,POR,67,37.6,9.4248,20.4,0.462,7.0389,7.9,0.891,4.1,4.3,8.1,1.1,0.3,2.9,30
4,Kawhi Leonard,LAC,57,32.4,9.353,19.9,0.47,6.2906,7.1,0.886,2.2,7.1,4.9,1.8,0.6,2.6,27.1
5,Karl-Anthony Towns,MIN,35,33.9,9.0424,17.8,0.508,5.174,6.5,0.796,3.3,10.8,4.4,0.9,1.2,3.1,26.5
6,Kyrie Irving,BKN,20,32.9,9.9424,20.8,0.478,4.7022,5.1,0.922,2.8,5.2,6.4,1.4,0.5,2.6,27.4
7,John Collins,ATL,41,33.2,8.6284,14.8,0.583,2.96,3.7,0.8,1.4,10.1,1.5,0.8,1.6,1.8,21.6
8,Jusuf Nurkic,POR,9,32.6,6.9048,13.7,0.504,3.8955,4.9,0.795,0.4,11.4,4.2,1.4,2,2.7,18.1
9,Hassan Whiteside,POR,68,29.7,6.4376,10.4,0.619,2.401,3.5,0.686,0.1,13.4,1.1,0.4,2.9,1.8,15.4
10,Nikola Jokic,DEN,73,32,7.7616,14.7,0.528,3.3497,4.1,0.817,1.1,9.7,7,1.2,0.6,3.1,19.9
11,Bradley Beal,WAS,57,36,10.4195,22.9,0.455,6.744,8,0.843,3,4.2,6.1,1.3,0.4,3.4,30.6
12,Jimmy Butler,MIA,58,33.8,5.9605,13.1,0.455,7.5894,9.1,0.834,0.5,6.7,6,1.8,0.6,2.2,19.9
13,Jayson Tatum,BOS,66,34.3,8.37,18.6,0.45,3.8164,4.7,0.812,2.9,7,3,1.4,0.9,2.3,23.4
14,Chris Paul,OKC,70,31.5,6.2103,12.7,0.489,3.628,4,0.907,1.6,5,6.7,1.6,0.2,2.3,17.6
15,Kristaps Porzingis,DAL,57,31.8,7.0028,16.4,0.427,3.995,5,0.799,2.5,9.5,1.8,0.7,2,1.6,20.4
16,LeBron James,LAL,67,34.6,9.5642,19.4,0.493,3.9501,5.7,0.693,2.2,7.8,10.2,1.2,0.5,3.9,25.3
17,Jonathan Isaac,ORL,34,28.8,4.606,9.8,0.47,1.7917,2.3,0.779,0.9,6.8,1.4,1.6,2.3,1.4,11.9
18,Nikola Vucevic,ORL,62,32.2,7.9659,16.7,0.477,2.1168,2.7,0.784,1.6,10.8,3.6,0.9,0.8,1.4,19.6
19,Trae Young,ATL,60,35.3,9.0896,20.8,0.437,7.998,9.3,0.86,3.4,4.3,9.3,1.1,0.1,4.8,29.6
20,Paul George,LAC,48,29.6,7.1557,16.3,0.439,3.942,4.5,0.876,3.3,5.7,3.9,1.4,0.4,2.6,21.5
21,Kyle Lowry,TOR,58,36.2,5.7408,13.8,0.416,5.0563,5.9,0.857,2.8,5,7.5,1.4,0.4,3.1,19.4
22,Giannis Antetokounmpo,MIL,63,30.4,10.8941,19.7,0.553,6.34,10,0.634,1.4,13.6,5.6,1,1,3.7,29.5
23,Joel Embiid,PHI,51,29.5,7.4732,15.7,0.476,6.8595,8.5,0.807,1.1,11.6,3,0.9,1.3,3.1,23
24,Clint Capela,ATL,39,32.8,6.2271,9.9,0.629,1.4283,2.7,0.529,0,13.8,1.2,0.8,1.8,1.6,13.9
25,Fred VanVleet,TOR,54,35.7,5.9059,14.3,0.413,3.1376,3.7,0.848,2.7,3.8,6.6,1.9,0.3,2.2,17.6
26,Luka Doncic,DAL,61,33.6,9.5378,20.6,0.463,6.9736,9.2,0.758,2.8,9.4,8.8,1,0.2,4.3,28.8
27,LaMarcus Aldridge,SAS,53,33.1,7.395,15,0.493,2.9772,3.6,0.827,1.2,7.4,2.4,0.7,1.6,1.4,18.9
28,Andre Drummond,CLE,57,33,7.3416,13.8,0.532,2.99,5.2,0.575,0.1,15.2,2.7,1.9,1.6,3.6,17.7
29,Devin Booker,PHO,70,35.9,8.9487,18.3,0.489,6.7087,7.3,0.919,2,4.2,6.5,0.7,0.3,3.8,26.6
30,Khris Middleton,MIL,62,29.9,7.6041,15.3,0.497,3.3892,3.7,0.916,2.4,6.2,4.3,0.9,0.1,2.2,20.9
31,Stephen Curry,GSW,5,27.9,6.5928,16.4,0.402,5.2,5.2,1,2.4,5.2,6.6,1,0.4,3.2,20.8
32,Deandre Ayton,PHO,38,32.5,8.1354,14.9,0.546,1.7319,2.3,0.753,0.1,11.5,1.9,0.7,1.5,2.1,18.2
33,Rudy Gobert,UTA,68,34.3,5.6826,8.2,0.693,3.717,5.9,0.63,0,13.5,1.5,0.8,2,1.9,15.1
34,Robert Covington,HOU,70,30.5,4.3466,10.3,0.422,1.4364,1.8,0.798,2.3,6.6,1.3,1.6,1.3,1.5,12.4
35,Brandon Ingram,NOR,62,33.9,8.1951,17.7,0.463,5.0209,5.9,0.851,2.4,6.1,4.2,1,0.6,3,23.8
36,Ben Simmons,PHI,57,35.4,6.612,11.4,0.58,3.2292,5.2,0.621,0,7.8,8,2.1,0.6,3.5,16.4
37,DeMar DeRozan,SAS,68,34.1,8.1774,15.4,0.531,5.577,6.6,0.845,0.1,5.5,5.6,1,0.3,2.4,22.1
38,Zach LaVine,CHI,60,34.8,9,20,0.45,4.4912,5.6,0.802,3.1,4.8,4.2,1.5,0.5,3.4,25.5
39,Pascal Siakam,TOR,60,35.2,8.3352,18.4,0.453,4.0392,5.1,0.792,2.2,7.3,3.5,1,0.9,2.5,22.9
40,Jrue Holiday,NOR,61,34.7,7.5075,16.5,0.455,2.127,3,0.709,2,4.8,6.7,1.6,0.8,3.1,19.1
41,T.J. Warren,IND,67,32.9,7.9864,14.9,0.536,2.457,3,0.819,1.4,4.2,1.5,1.2,0.5,1.3,19.8
42,Richaun Holmes,SAC,44,28.2,5.0544,7.8,0.648,2.1276,2.7,0.788,0,8.1,1,0.9,1.3,1.2,12.3
43,Russell Westbrook,HOU,57,36,10.62,22.5,0.472,5.1121,6.7,0.763,1,7.9,7,1.6,0.4,4.5,27.2
44,Bam Adebayo,MIA,72,33.6,6.127,11,0.557,3.6623,5.3,0.691,0,10.2,5.1,1.1,1.3,2.8,15.9
45,Kemba Walker,BOS,56,31.1,6.7575,15.9,0.425,3.7152,4.3,0.864,3.2,3.9,4.8,0.9,0.5,2.1,20.4
46,Jonas Valanciunas,MEM,71,26.5,6.1798,10.6,0.583,2.1692,2.9,0.748,0.5,11.4,1.9,0.4,1.1,1.8,15
47,Gordon Hayward,BOS,52,33.5,6.75,13.5,0.5,2.394,2.8,0.855,1.6,6.7,4.1,0.7,0.4,1.8,17.5
48,Domantas Sabonis,IND,62,34.8,7.4117,13.7,0.541,3.4704,4.8,0.723,0.3,12.4,5,0.7,0.5,2.8,18.5
49,Brook Lopez,MIL,68,26.7,4.3065,9.9,0.435,1.8392,2.2,0.836,1.5,4.6,1.5,0.7,2.4,1,12
50,Kelly Oubre Jr.,PHO,56,34.5,6.6896,14.8,0.452,3.432,4.4,0.78,1.9,6.4,1.5,1.3,0.7,1.5,18.7
51,Mitchell Robinson,NYK,61,23.2,4.1552,5.6,0.742,1.3632,2.4,0.568,0,7,0.6,0.9,2,0.6,9.7
52,Tobias Harris,PHI,72,34.3,7.6773,16.3,0.471,2.415,3,0.805,1.8,6.9,3.2,0.7,0.6,1.4,19.6
53,Shai Gilgeous-Alexander,OKC,70,34.7,6.8295,14.5,0.471,4.1157,5.1,0.807,1.2,5.9,3.3,1.1,0.7,1.9,19
54,Donovan Mitchell,UTA,69,34.3,8.7106,19.4,0.449,4.0561,4.7,0.863,2.5,4.4,4.3,1,0.2,2.7,24
55,CJ McCollum,POR,71,36.6,8.7688,19.4,0.452,2.0574,2.7,0.762,2.8,4.2,4.4,0.8,0.6,1.8,22.3
56,Kevin Love,CLE,56,31.8,5.85,13,0.45,3.3306,3.9,0.854,2.6,9.8,3.2,0.6,0.3,2.5,17.6
57,Jamal Murray,DEN,59,32.3,6.9312,15.2,0.456,2.7311,3.1,0.881,1.9,4,4.8,1.1,0.3,2.2,18.5
58,Myles Turner,IND,62,29.4,4.3415,9.5,0.457,2.0277,2.7,0.751,1.4,6.6,1.2,0.8,2.1,1.4,12.1
59,D'Angelo Russell,MIN,45,32.3,8.0088,18.8,0.426,3.5596,4.4,0.809,3.5,3.9,6.3,1.1,0.3,3.3,23.1
60,Davis Bertans,WAS,54,29.3,4.9042,11.3,0.434,1.9596,2.3,0.852,3.7,4.5,1.7,0.7,0.6,1.1,15.4
61,Ricky Rubio,PHO,65,31,4.399,10.6,0.415,3.0205,3.5,0.863,1.2,4.7,8.8,1.4,0.2,2.7,13
62,Marcus Smart,BOS,60,32,4.275,11.4,0.375,2.09,2.5,0.836,2.3,3.8,4.9,1.7,0.5,1.7,12.9
63,Jaren Jackson Jr.,MEM,57,28.5,6.1908,13.2,0.469,2.4651,3.3,0.747,2.5,4.6,1.4,0.7,1.6,1.7,17.4
64,Danilo Gallinari,OKC,62,29.6,5.7816,13.2,0.438,4.2864,4.8,0.893,2.9,5.2,1.9,0.7,0.1,1.2,18.7
65,Norman Powell,TOR,52,28.4,5.704,11.5,0.496,2.4447,2.9,0.843,2.1,3.6,1.8,1.2,0.4,1.5,16
66,Will Barton,DEN,58,33,5.715,12.7,0.45,1.7641,2.3,0.767,1.9,6.3,3.7,1.1,0.5,1.5,15.1
67,Thomas Bryant,WAS,46,24.9,5.2871,9.1,0.581,1.8475,2.5,0.739,0.8,7.2,1.8,0.5,1.1,1.2,13.2
68,Al Horford,PHI,67,30.2,4.77,10.6,0.45,0.9156,1.2,0.763,1.5,6.8,4,0.8,0.9,1.2,11.9
69,Jaylen Brown,BOS,57,33.9,7.5036,15.6,0.481,3.1132,4.3,0.724,2.3,6.4,2.1,1.2,0.4,2.2,20.3
70,OG Anunoby,TOR,69,29.9,4.141,8.2,0.505,1.059,1.5,0.706,1.3,5.3,1.6,1.4,0.7,1.1,10.6
71,Buddy Hield,SAC,72,30.8,6.9069,16.1,0.429,1.6074,1.9,0.846,3.8,4.6,3,0.9,0.2,2.3,19.2
72,Nemanja Bjelica,SAC,72,27.9,4.3771,9.1,0.481,0.9852,1.2,0.821,1.9,6.4,2.8,0.8,0.6,1.4,11.5
73,Evan Fournier,ORL,66,31.4,6.5847,14.1,0.467,2.6994,3.3,0.818,2.6,2.6,3.2,1.1,0.2,1.9,18.5
74,Mikal Bridges,PHO,73,28,3.3594,6.6,0.509,1.4348,1.7,0.844,1,4,1.8,1.4,0.6,1,9.1
75,Lonzo Ball,NOR,63,32.1,4.3927,10.9,0.403,0.6792,1.2,0.566,2.3,6.1,7,1.4,0.6,3,11.8
76,Dejounte Murray,SAS,66,25.6,4.4814,9.7,0.462,1.3566,1.7,0.798,0.6,5.8,4.1,1.7,0.3,1.9,10.9
77,Terry Rozier,CHA,63,34.4,6.3027,14.9,0.423,2.622,3,0.874,2.7,4.4,4.1,1,0.2,2.2,18
78,Devonte' Graham,CHA,63,35.1,5.8446,15.3,0.382,3.034,3.7,0.82,3.5,3.3,7.5,1,0.2,2.9,18.2
79,Daniel Theis,BOS,65,24.1,3.7356,6.6,0.566,1.3734,1.8,0.763,0.5,6.6,1.7,0.6,1.3,0.8,9.2
80,Brandon Clarke,MEM,59,22.5,5.146,8.3,0.62,1.4421,1.9,0.759,0.5,5.9,1.4,0.5,0.8,0.9,12.2
81,Jarrett Allen,BKN,70,26.5,4.2834,6.6,0.649,2.4687,3.9,0.633,0,9.6,1.6,0.6,1.3,1.1,11.1
82,De'Aaron Fox,SAC,51,32,7.68,16,0.48,4.7235,6.7,0.705,1.1,3.8,6.8,1.5,0.5,3.1,21.1
83,Nerlens Noel,OKC,61,18.5,3.0096,4.4,0.684,1.2835,1.7,0.755,0,4.9,0.9,1,1.5,1.1,7.4
84,Larry Nance Jr.,CLE,56,26.3,4.0887,7.7,0.531,0.8788,1.3,0.676,1,7.3,2.2,1,0.4,1.1,10.1
85,Malcolm Brogdon,IND,54,30.9,6.0444,13.8,0.438,3.0328,3.4,0.892,1.4,4.9,7.1,0.6,0.2,2.4,16.5
86,Draymond Green,GSW,43,28.4,2.8397,7.3,0.389,1.4421,1.9,0.759,0.8,6.2,6.2,1.4,0.8,2.3,8
87,Duncan Robinson,MIA,73,29.7,4.418,9.4,0.47,0.931,1,0.931,3.7,3.2,1.4,0.5,0.3,0.9,13.5
88,Kris Dunn,CHI,51,24.9,2.9748,6.7,0.444,0.8151,1.1,0.741,0.6,3.7,3.4,2,0.3,1.3,7.3
89,Alec Burks,PHI,66,26.6,4.8488,11.6,0.418,3.548,4,0.887,1.8,4.3,2.9,0.9,0.2,1.4,15
90,Jeremy Lamb,IND,46,28.1,4.6904,10.4,0.451,2.0064,2.4,0.836,1.2,4.3,2.1,1.2,0.5,1.1,12.5
91,Jabari Parker,SAC,38,24.2,5.763,11.3,0.51,1.5813,2.1,0.753,0.8,5.6,1.8,1.2,0.4,1.7,14
92,Andrew Wiggins,GSW,54,34.4,8.0907,18.1,0.447,3.545,5,0.709,2.1,5.1,3.7,0.8,1,2.4,21.8
93,Jae Crowder,MIA,65,28.8,3.4887,8.7,0.401,1.4744,1.9,0.776,2.1,5.9,2.5,1.1,0.4,1.1,10.5
94,Derrick Favors,NOR,51,24.4,4.0722,6.6,0.617,0.7882,1.4,0.563,0,9.8,1.6,0.6,0.9,1.1,9
95,Bogdan Bogdanovic,SAC,61,28.9,5.544,12.6,0.44,1.4079,1.9,0.741,2.7,3.4,3.4,1.1,0.2,1.7,15.1
96,Eric Bledsoe,MIL,61,27,5.4984,11.6,0.474,2.765,3.5,0.79,1.2,4.7,5.4,0.9,0.4,2.4,14.9
97,Serge Ibaka,TOR,55,27,6.2464,12.2,0.512,1.6514,2.3,0.718,1.3,8.2,1.4,0.5,0.8,2,15.4
98,Montrezl Harrell,LAC,63,27.8,7.482,12.9,0.58,3.6848,5.6,0.658,0,7.1,1.7,0.6,1.1,1.7,18.6
99,Bojan Bogdanovic,UTA,63,33.1,6.6156,14.8,0.447,3.9732,4.4,0.903,3,4.1,2.1,0.5,0.1,2.5,20.2
100,Cameron Payne,PHO,8,22.9,4.1225,8.5,0.485,0.7713,0.9,0.857,1.9,3.9,3,1,0.3,1.4,10.9
101,Luke Kennard,DET,28,32.9,5.3924,12.2,0.442,2.4111,2.7,0.893,2.6,3.5,4.1,0.4,0.2,1.5,15.8
102,Terrence Ross,ORL,69,27.4,4.9569,12.3,0.403,2.3031,2.7,0.853,2.6,3.2,1.2,1.1,0.3,1,14.7
103,Lauri Markkanen,CHI,50,29.8,5.015,11.8,0.425,2.5544,3.1,0.824,2.2,6.3,1.5,0.8,0.5,1.6,14.7
104,Steven Adams,OKC,63,26.7,4.4992,7.6,0.592,1.8624,3.2,0.582,0,9.3,2.3,0.8,1.1,1.5,10.9
105,Danuel House Jr.,HOU,63,30.4,3.6722,8.6,0.427,1.1354,1.4,0.811,2,4.2,1.3,1.1,0.5,0.8,10.5
106,Marcus Morris Sr.,LAC,62,31.2,5.7378,13.1,0.438,2.8805,3.5,0.823,2.3,5,1.4,0.8,0.5,1.6,16.7
107,Derrick Rose,DET,50,26,7.399,15.1,0.49,2.4388,2.8,0.871,0.9,2.4,5.6,0.8,0.3,2.5,18.1
108,Collin Sexton,CLE,65,33,7.8824,16.7,0.472,3.4686,4.1,0.846,1.5,3.1,3,1,0.1,2.4,20.8
109,Justin Holiday,IND,73,25,2.8676,6.7,0.428,0.7119,0.9,0.791,1.8,3.3,1.3,1.2,0.6,0.6,8.3
110,Kevin Huerter,ATL,56,31.4,4.5017,10.9,0.413,0.9108,1.1,0.828,2.3,4.1,3.8,0.9,0.5,1.6,12.2
111,Derrick White,SAS,68,24.7,3.7098,8.1,0.458,2.6443,3.1,0.853,1.2,3.3,3.5,0.7,0.9,1.3,11.3
112,Christian Wood,DET,62,21.4,4.6494,8.2,0.567,2.9016,3.9,0.744,0.9,6.3,1,0.5,0.9,1.4,13.1
113,Paul Millsap,DEN,51,24.3,4.1452,8.6,0.482,2.2848,2.8,0.816,1.1,5.7,1.6,0.9,0.6,1.4,11.6
114,P.J. Tucker,HOU,72,34.3,2.4485,5.9,0.415,0.5691,0.7,0.813,1.5,6.6,1.6,1.1,0.5,1,6.9
115,Dennis Schroder,OKC,65,30.8,6.9412,14.8,0.469,3.0204,3.6,0.839,1.9,3.6,4,0.7,0.2,2.6,18.9
116,Wendell Carter Jr.,CHI,43,29.2,4.272,8,0.534,2.5795,3.5,0.737,0.1,9.4,1.2,0.8,0.8,1.7,11.3
117,Damion Lee,GSW,49,29,4.3368,10.4,0.417,2.2698,2.6,0.873,1.7,4.9,2.7,1,0.1,1.4,12.7
118,Willie Cauley-Stein,DAL,54,20.3,3.2424,5.6,0.579,0.7272,1.2,0.606,0,5.8,1.3,0.9,1.1,0.7,7.2
119,Patrick Beverley,LAC,51,26.3,2.8877,6.7,0.431,0.594,0.9,0.66,1.6,5.2,3.6,1.1,0.5,1.3,7.9
120,DeAndre Jordan,BKN,56,22,3.3966,5.1,0.666,1.496,2.2,0.68,0,10,1.9,0.3,0.9,1.3,8.3
121,Trevor Ariza,POR,53,28.2,2.6718,6.1,0.438,1.1732,1.4,0.838,1.5,4.7,1.7,1.3,0.3,1.1,8
122,Marc Gasol,TOR,44,26.4,2.6901,6.3,0.427,0.8085,1.1,0.735,1.3,6.3,3.3,0.8,0.9,1.3,7.5
123,Glenn Robinson III,PHI,62,28.8,4.617,9.5,0.486,1.204,1.4,0.86,1.2,4.4,1.5,0.9,0.3,0.9,11.7
124,Carmelo Anthony,POR,59,32.9,5.778,13.5,0.428,2.4766,2.9,0.854,1.5,6.3,1.5,0.8,0.5,1.7,15.5
125,Donte DiVincenzo,MIL,66,23,3.5035,7.7,0.455,0.9529,1.3,0.733,1.3,4.8,2.3,1.3,0.3,1.4,9.2
126,Elfrid Payton,NYK,45,27.7,4.3022,9.8,0.439,1.083,1.9,0.57,0.3,4.7,7.2,1.6,0.4,2.1,10
127,Josh Hart,NOR,65,27,3.4686,8.2,0.423,1.3302,1.8,0.739,1.9,6.5,1.7,1,0.4,1.2,10.1
128,Maxi Kleber,DAL,74,25.5,3.1809,6.9,0.461,1.1037,1.3,0.849,1.6,5.2,1.2,0.3,1.1,0.8,9.1
129,Aaron Gordon,ORL,62,32.5,5.4188,12.4,0.437,2.4264,3.6,0.674,1.2,7.7,3.7,0.8,0.6,1.6,14.4
130,Tomas Satoransky,CHI,65,28.9,3.655,8.5,0.43,1.6644,1.9,0.876,1,3.9,5.4,1.2,0.1,2,9.9
131,Joe Harris,BKN,69,30.8,5.5404,11.4,0.486,0.9347,1.3,0.719,2.5,4.3,2.1,0.6,0.2,1.5,14.5
132,Marquese Chriss,GSW,59,20.3,3.5425,6.5,0.545,1.9994,2.6,0.769,0.1,6.2,1.9,0.7,1.1,1.3,9.3
133,JJ Redick,NOR,60,26.3,4.7565,10.5,0.453,2.7652,3.1,0.892,3,2.5,2,0.3,0.2,1.3,15.3
134,Tim Hardaway Jr.,DAL,71,29.5,5.425,12.5,0.434,2.1294,2.6,0.819,2.9,3.3,1.9,0.6,0.1,1,15.8
135,Ja Morant,MEM,68,31.1,6.7734,14.2,0.477,3.565,4.6,0.775,0.9,3.9,7.3,0.9,0.3,3.4,18.1
136,Derrick Jones Jr.,MIA,59,23.3,3.1093,5.9,0.527,1.6212,2.1,0.772,0.6,3.9,1.1,1,0.6,0.5,8.5
137,Otto Porter Jr.,CHI,14,23.6,4.43,10,0.443,1.3376,1.9,0.704,1.7,3.4,1.8,1.1,0.4,0.8,11.9
138,Troy Brown Jr.,WAS,69,25.8,3.951,9,0.439,1.568,2,0.784,0.9,5.6,2.6,1.2,0.1,1.1,10.4
139,Joe Ingles,UTA,72,29.7,3.4265,7.7,0.445,1.0231,1.3,0.787,2,3.9,5.2,0.9,0.2,2,9.8
140,Julius Randle,NYK,64,32.5,7.222,15.7,0.46,4.0315,5.5,0.733,1,9.7,3.1,0.8,0.3,3,19.5
141,Dwight Powell,DAL,40,26.5,3.6366,5.7,0.638,1.8676,2.8,0.667,0.3,5.7,1.5,0.9,0.6,0.9,9.4
142,Jerami Grant,DEN,71,26.6,4.2542,8.9,0.478,2.1,2.8,0.75,1.4,3.5,1.2,0.7,0.8,0.9,12
143,Kendrick Nunn,MIA,67,29.3,5.9704,13.6,0.439,1.275,1.5,0.85,2,2.7,3.3,0.8,0.2,1.7,15.3
144,Thaddeus Young,CHI,64,24.9,4.2112,9.4,0.448,0.6413,1.1,0.583,1.2,4.9,1.8,1.4,0.4,1.6,10.3
145,Josh Richardson,PHI,55,30.8,5.031,11.7,0.43,2.1034,2.6,0.809,1.5,3.2,2.9,0.9,0.7,1.9,13.7
146,Rodney Hood,POR,21,29.5,4.1492,8.2,0.506,1.0114,1.3,0.778,1.7,3.4,1.5,0.8,0.2,0.9,11
147,George Hill,MIL,59,21.5,3.3024,6.4,0.516,1.4314,1.7,0.842,1.4,3,3.1,0.8,0.1,1,9.4
148,Dorian Finney-Smith,DAL,71,29.9,3.4484,7.4,0.466,1.083,1.5,0.722,1.6,5.7,1.6,0.6,0.5,1,9.5
149,Danny Green,LAL,68,24.8,2.912,7,0.416,0.4816,0.7,0.688,1.8,3.3,1.3,1.3,0.5,0.9,8
150,Gorgui Dieng,MEM,64,17.4,2.5992,5.7,0.456,1.2352,1.6,0.772,0.8,5.6,1.1,0.8,1,0.9,7.3
151,Tristan Thompson,CLE,57,30.2,5.0688,9.9,0.512,1.722,2.8,0.615,0.2,10.1,2.1,0.6,0.9,1.8,12
152,Gary Harris,DEN,56,31.8,3.906,9.3,0.42,1.304,1.6,0.815,1.3,2.9,2.1,1.4,0.3,1.1,10.4
153,Royce O'Neale,UTA,71,28.9,2.2083,5.1,0.433,0.6112,0.8,0.764,1.3,5.5,2.5,0.8,0.5,0.9,6.3
154,Spencer Dinwiddie,BKN,64,31.2,6.64,16,0.415,5.446,7,0.778,1.9,3.5,6.8,0.6,0.3,2.7,20.6
155,Lou Williams,LAC,65,28.7,6.0192,14.4,0.418,4.4772,5.2,0.861,1.7,3.1,5.6,0.7,0.2,2.8,18.2
156,Rui Hachimura,WAS,48,30.1,5.3124,11.4,0.466,2.4041,2.9,0.829,0.5,6.1,1.8,0.8,0.2,1.1,13.5
157,PJ Washington,CHA,58,30.3,4.641,10.2,0.455,1.4881,2.3,0.647,1.5,5.4,2.1,0.9,0.8,1.6,12.2
158,Seth Curry,DAL,64,24.6,4.455,9,0.495,1.2375,1.5,0.825,2.3,2.3,1.9,0.6,0.1,1,12.4
159,JaVale McGee,LAL,68,16.6,2.8665,4.5,0.637,0.7752,1.2,0.646,0,5.7,0.5,0.5,1.4,0.8,6.6
160,Marvin Bagley III,SAC,13,25.7,5.9776,12.8,0.467,1.9344,2.4,0.806,0.3,7.5,0.8,0.5,0.9,1.4,14.2
161,Miles Bridges,CHA,65,30.7,4.9184,11.6,0.424,1.618,2,0.809,1.5,5.6,1.8,0.6,0.8,1.5,13
162,Robert Williams,BOS,29,13.4,2.181,3,0.727,0.7764,1.2,0.647,0,4.4,0.9,0.8,1.2,0.7,5.2
163,Delon Wright,DAL,73,21.5,2.5872,5.6,0.462,1.078,1.4,0.77,0.6,3.8,3.3,1.2,0.3,1,6.9
164,Harrison Barnes,SAC,72,34.5,5.06,11,0.46,2.9637,3.7,0.801,1.4,4.9,2.2,0.6,0.2,1.2,14.5
165,Ish Smith,WAS,68,26.3,4.5147,10.1,0.447,0.9373,1.3,0.721,0.9,3.2,4.9,0.9,0.4,1.4,10.9
166,Jordan Clarkson,UTA,71,24,5.5388,12.2,0.454,1.9228,2.3,0.836,2.1,2.6,1.9,0.6,0.2,1.4,15.2
167,Dario Saric,PHO,66,24.7,3.9032,8.2,0.476,1.6036,1.9,0.844,1.3,6.2,1.9,0.6,0.2,1.3,10.7
168,Ivica Zubac,LAC,72,18.4,3.2994,5.4,0.611,1.7181,2.3,0.747,0,7.6,1.1,0.2,0.9,0.8,8.3
169,Markelle Fultz,ORL,72,27.7,4.9755,10.7,0.465,1.606,2.2,0.73,0.5,3.3,5.1,1.3,0.2,2,12.1
170,Bruce Brown,DET,58,28.2,3.4111,7.7,0.443,1.5519,2.1,0.739,0.6,4.7,4,1.1,0.5,1.7,8.9
171,Caris LeVert,BKN,45,29.6,6.9275,16.3,0.425,3.1284,4.4,0.711,1.8,4.2,4.4,1.2,0.2,2.6,18.7
172,Shabazz Napier,WAS,56,24,3.3372,8.1,0.412,2.2248,2.7,0.824,1.4,2.8,4.7,1.2,0.2,2.3,10.3
173,Goran Dragic,MIA,59,28.2,5.4243,12.3,0.441,3.2592,4.2,0.776,2.1,3.2,5.1,0.7,0.2,2.5,16.2
174,Jakob Poeltl,SAS,66,17.7,2.496,4,0.624,0.6045,1.3,0.465,0,5.7,1.8,0.6,1.4,0.8,5.6
175,Patty Mills,SAS,66,22.5,3.9221,9.1,0.431,1.4722,1.7,0.866,2.3,1.6,1.8,0.8,0.1,0.8,11.6
176,Mike Conley,UTA,47,29,4.9489,12.1,0.409,2.481,3,0.827,2,3.2,4.4,0.8,0.1,2,14.4
177,Garrett Temple,BKN,62,27.9,3.591,9.5,0.378,1.127,1.4,0.805,2,3.5,2.5,0.8,0.5,1,10.3
178,Kelly Olynyk,MIA,67,19.4,2.7258,5.9,0.462,1.29,1.5,0.86,1.4,4.6,1.7,0.7,0.3,1.1,8.2
179,Rudy Gay,SAS,67,21.8,3.9694,8.9,0.446,1.764,2,0.882,1.1,5.4,1.7,0.5,0.5,1.3,10.8
180,Dillon Brooks,MEM,74,29.1,5.9829,14.7,0.407,2.2568,2.8,0.806,2,3.3,2.1,0.9,0.4,1.7,16.2
181,Tyler Herro,MIA,55,27.4,4.922,11.5,0.428,1.566,1.8,0.87,2.1,4.1,2.2,0.6,0.2,1.6,13.5
182,Langston Galloway,DET,66,25.8,3.567,8.2,0.435,1.1167,1.3,0.859,2,2.3,1.5,0.7,0.2,0.6,10.3
183,Jordan McLaughlin,MIN,30,19.7,2.8851,5.9,0.489,0.8671,1.3,0.667,1,1.6,4.2,1.1,0.1,1,7.6
184,James Johnson,MIN,32,19.4,3.2093,6.7,0.479,0.969,1.5,0.646,1,3.7,2.3,0.8,1,1.5,8.4
185,Keldon Johnson,SAS,17,17.7,3.0992,5.2,0.596,2.067,2.6,0.795,0.8,3.4,0.9,0.8,0.1,0.8,9.1
186,Jeff Teague,ATL,59,24.8,3.6188,8.3,0.436,2.8809,3.3,0.873,0.7,2.4,5.2,0.7,0.3,2,10.9
187,Michael Porter Jr.,DEN,55,16.4,3.563,7,0.509,1.0829,1.3,0.833,1.1,4.7,0.8,0.5,0.5,0.9,9.3
188,Taurean Prince,BKN,64,29,4.324,11.5,0.376,1.1172,1.4,0.798,2.3,6,1.8,0.9,0.4,2,12.1
189,Matisse Thybulle,PHI,65,19.8,1.7343,4.1,0.423,0.366,0.6,0.61,0.9,1.6,1.2,1.4,0.7,0.8,4.7
190,Gary Trent Jr.,POR,62,22,3.204,7.2,0.445,0.6472,0.8,0.809,1.8,1.7,1,0.9,0.3,0.4,8.9
191,Cody Zeller,CHA,58,23.1,4.3409,8.3,0.523,2.1142,3.1,0.682,0.3,7.1,1.5,0.7,0.4,1.3,11.1
192,Zion Williamson,NOR,24,27.8,8.745,15,0.583,4.736,7.4,0.64,0.3,6.3,2.1,0.7,0.4,2.5,22.5
193,Cameron Johnson,PHO,57,22,3.0885,7.1,0.435,0.807,1,0.807,1.9,3.3,1.2,0.6,0.4,0.6,8.8
194,Enes Kanter,BOS,58,17,3.432,6,0.572,1.2019,1.7,0.707,0,7.4,1,0.4,0.7,1,8.1
195,Michael Carter-Williams,ORL,45,18.5,2.4766,5.8,0.427,1.7472,2.1,0.832,0.5,3.3,2.4,1.1,0.5,1.2,7.2
196,Aron Baynes,PHO,42,22.2,4.368,9.1,0.48,1.3446,1.8,0.747,1.4,5.6,1.6,0.2,0.5,1.2,11.5
197,Monte Morris,DEN,73,22.4,3.5802,7.8,0.459,1.0116,1.2,0.843,0.9,1.9,3.5,0.8,0.2,0.7,9
198,Ben McLemore,HOU,71,22.8,3.4188,7.7,0.444,0.6714,0.9,0.746,2.5,2.2,0.8,0.6,0.2,0.7,10.1
199,De'Anthony Melton,MEM,61,19.4,2.64,6.6,0.4,1.538,2,0.769,0.7,3.7,2.9,1.3,0.3,1.4,7.5
200,Cedi Osman,CLE,65,29.4,4.1078,9.4,0.437,0.938,1.4,0.67,1.9,3.6,2.4,0.8,0.2,1.4,11
201,Josh Okogie,MIN,62,25,2.7328,6.4,0.427,2.4676,3.1,0.796,0.7,4.3,1.6,1.1,0.4,1.4,8.6
202,Kent Bazemore,SAC,68,24.8,2.9625,7.9,0.375,1.6918,2.2,0.769,1.2,4.3,1.4,1.1,0.6,1.3,8.8
203,Tony Snell,DET,59,27.8,2.8925,6.5,0.445,0.5,0.5,1,1.7,1.9,2.2,0.5,0.3,0.5,8
204,Mo Bamba,ORL,62,14.2,2.1252,4.6,0.462,0.4718,0.7,0.674,0.6,4.9,0.7,0.4,1.4,0.7,5.4
205,Moritz Wagner,WAS,45,18.6,3.2155,5.9,0.545,1.7241,2.1,0.821,0.6,4.9,1.2,0.6,0.4,1.5,8.7
206,Eric Paschall,GSW,60,27.6,5.3072,10.7,0.496,2.709,3.5,0.774,0.6,4.6,2.1,0.5,0.2,1.6,14
207,Tyus Jones,MEM,65,19,3.0294,6.6,0.459,0.6669,0.9,0.741,0.7,1.6,4.4,0.9,0.1,0.9,7.4
208,Cam Reddish,ATL,58,26.7,3.6864,9.6,0.384,1.7644,2.2,0.802,1.4,3.7,1.5,1.1,0.5,1.7,10.5
209,Ian Mahinmi,WAS,38,21.3,2.7225,5.5,0.495,1.857,3,0.619,0.1,5.7,1.3,0.8,1.2,1.2,7.4
210,Aaron Holiday,IND,66,24.5,3.519,8.5,0.414,1.1063,1.3,0.851,1.3,2.3,3.4,0.8,0.3,1.3,9.5
211,Kentavious Caldwell-Pope,LAL,69,25.5,3.4091,7.3,0.467,1.1625,1.5,0.775,1.3,2.1,1.6,0.8,0.2,0.9,9.3
212,Malik Beasley,MIN,55,22,4.1225,9.7,0.425,0.9816,1.2,0.818,1.9,2.7,1.4,0.7,0.1,1.1,11.2
213,Alex Len,SAC,55,17.6,3.219,5.8,0.555,1.2312,1.9,0.648,0.3,5.8,0.9,0.4,0.9,1,8
214,Chris Boucher,TOR,62,13.2,2.2656,4.8,0.472,1.4896,1.9,0.784,0.6,4.5,0.4,0.4,1,0.5,6.6
215,D.J. Augustin,ORL,57,24.9,3.2319,8.1,0.399,2.848,3.2,0.89,1.2,2.1,4.6,0.6,0,1.5,10.5
216,Kyle Anderson,MEM,68,20,2.39,5,0.478,0.8052,1.2,0.671,0.4,4.3,2.5,0.8,0.6,1.1,5.9
217,Eric Mika,FA,1,19.1,2.001,3,0.667,2,2,1,0,7,0,0,0,0,6
218,T.J. McConnell,IND,71,18.7,2.9928,5.8,0.516,0.4998,0.6,0.833,0.1,2.7,5,0.8,0.2,1.4,6.5
219,Trey Lyles,SAS,63,20.2,2.4084,5.4,0.446,0.5131,0.7,0.733,1,5.7,1.1,0.4,0.4,0.6,6.4
220,JaMychal Green,LAC,63,20.7,2.4024,5.6,0.429,0.6,0.8,0.75,1.5,6.2,0.8,0.4,0.4,0.9,6.8
221,Juan Toscano-Anderson,GSW,13,20.9,2.208,4.8,0.46,0.24,0.4,0.6,0.6,4,2,1,0.4,1.2,5.3
222,Naz Reid,MIN,30,16.5,3.3372,8.1,0.412,1.2564,1.8,0.698,1.1,4.1,1.2,0.6,0.7,0.7,9
223,Victor Oladipo,IND,19,27.8,5.0826,12.9,0.394,2.5234,3.1,0.814,1.7,3.9,2.9,0.9,0.2,2.5,14.5
224,Moe Harkless,NYK,62,23,2.3092,4.6,0.502,0.6501,1.1,0.591,0.5,3.9,1.1,0.9,0.5,0.9,5.8
225,De'Andre Hunter,ATL,63,32,4.428,10.8,0.41,1.7572,2.3,0.764,1.7,4.5,1.8,0.7,0.3,1.6,12.3
226,Brad Wanamaker,BOS,71,19.3,2.2848,5.1,0.448,1.7594,1.9,0.926,0.5,2,2.5,0.8,0.2,1.1,6.9
227,Marvin Williams,MIL,58,19.5,2.0516,4.6,0.446,0.86,1,0.86,1,3.2,1,0.6,0.5,0.6,5.9
228,Coby White,CHI,65,25.8,4.8068,12.2,0.394,1.582,2,0.791,2,3.6,2.7,0.7,0.1,1.7,13.2
229,Jeff Green,HOU,48,20,3.3264,7.2,0.462,1.5238,1.9,0.802,1.3,2.8,1,0.6,0.4,0.9,9.4
230,Reggie Jackson,LAC,31,24,4.3155,10.5,0.411,1.4161,1.7,0.833,1.8,3,4.1,0.4,0.2,1.6,11.9
231,Damian Jones,ATL,55,16.1,2.176,3.2,0.68,1.107,1.5,0.738,0,3.7,0.6,0.5,0.7,0.5,5.6
232,Bryn Forbes,SAS,63,25.1,3.8364,9.2,0.417,1.1662,1.4,0.833,2.3,2,1.7,0.5,0,0.9,11.2
233,Bobby Portis,NYK,66,21.1,4.005,8.9,0.45,1.0682,1.4,0.763,1,5.1,1.5,0.5,0.3,1.1,10.1
234,Dwight Howard,LAL,69,18.9,2.916,4,0.729,1.5934,3.1,0.514,0,7.4,0.7,0.4,1.1,1.2,7.5
235,John Henson,DET,40,15,2.3908,4.3,0.556,0.6,1.2,0.5,0.2,4.1,1.4,0.6,1.1,0.9,5.5
236,Shake Milton,PHI,40,20.1,3.3396,6.9,0.484,1.256,1.6,0.785,1.5,2.2,2.6,0.5,0.2,1.2,9.4
237,Nicolas Batum,CHA,22,23,1.2802,3.7,0.346,0.45,0.5,0.9,0.6,4.5,3,0.8,0.4,1,3.6
238,Cory Joseph,SAC,72,24.4,2.3655,5.7,0.415,0.857,1,0.857,0.8,2.6,3.5,0.7,0.3,1.1,6.4
239,Omari Spellman,MIN,49,18.1,2.586,6,0.431,1.5067,1.9,0.793,0.9,4.5,1,0.7,0.5,1.1,7.6
240,Avery Bradley,LAL,49,24.2,3.4632,7.8,0.444,0.4165,0.5,0.833,1.3,2.3,1.3,0.9,0.1,1,8.6
241,Svi Mykhailiuk,DET,56,22.6,2.952,7.2,0.41,1.0582,1.3,0.814,2.1,1.9,1.9,0.7,0.1,1.1,9
242,Furkan Korkmaz,PHI,72,21.7,3.354,7.8,0.43,1.057,1.4,0.755,2,2.3,1.1,0.6,0.2,0.8,9.8
243,Skal Labissiere,ATL,33,17.2,2.4795,4.5,0.551,0.758,1,0.758,0.1,5.1,1.3,0.2,0.9,0.9,5.8
244,Jordan McRae,DET,37,21.2,4.0293,9.9,0.407,2.2069,2.9,0.761,1.2,3.4,2.5,0.6,0.4,1.2,11.5
245,DeAndre' Bembry,ATL,43,21.3,2.4168,5.3,0.456,0.5962,1.1,0.542,0.3,3.5,1.9,1.3,0.4,1.4,5.8
246,Eric Gordon,HOU,36,28.2,4.7601,12.9,0.369,2.298,3,0.766,2.7,2,1.5,0.6,0.4,1.2,14.4
247,Markieff Morris,LAL,58,20.5,3.4918,7.9,0.442,1.164,1.5,0.776,1.5,3.8,1.3,0.5,0.3,1.3,9.7
248,Doug McDermott,IND,69,19.9,3.8552,7.9,0.488,0.6624,0.8,0.828,1.9,2.5,1.1,0.2,0.1,0.6,10.3
249,Terence Davis,TOR,72,16.8,2.7816,6.1,0.456,0.6912,0.8,0.864,1.3,3.3,1.6,0.5,0.2,1.1,7.5
250,Frank Ntilikina,NYK,57,20.8,2.2794,5.8,0.393,0.864,1,0.864,0.8,2.1,3,0.9,0.3,1.2,6.3
251,Kyle Kuzma,LAL,61,25,4.796,11,0.436,1.8375,2.5,0.735,1.4,4.5,1.3,0.5,0.4,1.5,12.8
252,Landry Shamet,LAC,53,27.4,2.9896,7.4,0.404,1.197,1.4,0.855,2.1,1.9,1.9,0.4,0.2,0.8,9.3
253,Reggie Bullock,NYK,29,23.6,3.0954,7.7,0.402,0.567,0.7,0.81,1.3,2.3,1.4,0.9,0.1,0.7,8.1
254,Ky Bowman,GSW,45,22.6,2.9607,7.1,0.417,0.7461,0.9,0.829,0.7,2.7,2.9,1,0.2,1.6,7.4
255,Rondae Hollis-Jefferson,TOR,60,18.7,2.5905,5.5,0.471,1.7616,2.4,0.734,0.1,4.7,1.8,0.8,0.4,1,7
256,Zach Collins,POR,12,24.8,2.7318,5.8,0.471,0.525,0.7,0.75,0.7,5.8,1.3,0.4,0.4,1.2,6.7
257,Dewayne Dedmon,ATL,44,17.6,2.32,5.8,0.4,0.6664,0.8,0.833,0.5,5.7,0.5,0.6,0.9,1.3,5.8
258,Andre Iguodala,MIA,21,19.9,1.8144,4.2,0.432,0.28,0.7,0.4,0.7,3.7,2.4,0.7,1,1.3,4.6
259,Gary Payton II,WAS,29,14.9,1.656,4,0.414,0.15,0.3,0.5,0.4,2.8,1.7,1.1,0.2,0.7,3.9
260,Josh Jackson,MEM,22,17.3,3.168,7.2,0.44,1.61,2.3,0.7,1,3,1.6,0.9,0.4,1.3,9
261,Jevon Carter,PHO,58,16.3,1.7472,4.2,0.416,0.426,0.5,0.852,1.1,2,1.4,0.8,0.3,0.6,4.9
262,Kevin Porter Jr.,CLE,50,23.2,3.7128,8.4,0.442,1.446,2,0.723,1.1,3.2,2.2,0.9,0.3,1.9,10
263,Alex Caruso,LAL,64,18.4,1.854,4.5,0.412,1.101,1.5,0.734,0.6,1.9,1.9,1.1,0.3,0.8,5.5
264,Ersan Ilyasova,MIL,63,15.7,2.33,5,0.466,1.1592,1.4,0.828,0.8,4.8,0.8,0.4,0.3,0.5,6.6
265,Jake Layman,MIN,23,22,3.5334,7.8,0.453,1.05,1.4,0.75,1,2.5,0.7,0.7,0.4,1,9.1
266,Austin Rivers,HOU,68,23.4,3.1154,7.4,0.421,1.1248,1.6,0.703,1.4,2.6,1.7,0.7,0.1,0.7,8.8
267,Taj Gibson,NYK,62,16.5,2.6864,4.6,0.584,0.6588,0.9,0.732,0.1,4.3,0.8,0.4,0.5,0.8,6.1
268,Jaxson Hayes,NOR,64,16.9,2.688,4,0.672,1.941,3,0.647,0,4,0.9,0.4,0.9,0.8,7.4
269,Caleb Martin,CHA,18,17.6,2.068,4.7,0.44,0.972,1.2,0.81,1.1,2.1,1.3,0.7,0.4,0.8,6.2
270,Patrick McCaw,TOR,37,24.5,1.8216,4.4,0.414,0.361,0.5,0.722,0.6,2.3,2.1,1.1,0.1,0.8,4.6
271,Meyers Leonard,MIA,51,20.3,2.3414,4.6,0.509,0.3215,0.5,0.643,1,5.1,1.1,0.3,0.3,0.8,6.1
272,Harry Giles,SAC,46,14.5,3.047,5.5,0.554,0.8536,1.1,0.776,0,4.1,1.3,0.5,0.4,1,6.9
273,Jeremiah Martin,BKN,9,11,2.6727,5.9,0.453,1.2576,1.6,0.786,0.6,1.1,2,0.8,0.2,0.4,7.1
274,Pat Connaughton,MIL,67,18.6,2.0475,4.5,0.455,0.465,0.6,0.775,0.8,4.2,1.6,0.4,0.5,0.8,5.4
275,Shaquille Harrison,CHI,43,11.3,1.7746,3.8,0.467,0.936,1.2,0.78,0.4,2,1.1,0.8,0.4,0.4,4.9
276,Dion Waiters,LAL,10,20.7,4.0986,9.9,0.414,1.4008,1.7,0.824,1.5,2.4,2,0.4,0.6,1.6,11.1
277,Rajon Rondo,LAL,48,20.5,2.8492,6.8,0.419,0.5931,0.9,0.659,0.9,3,5,0.8,0,1.9,7.1
278,Nicolo Melli,NOR,60,17.4,2.2734,5.4,0.421,0.888,1.2,0.74,1.2,3,1.4,0.6,0.4,0.8,6.6
279,Isaac Bonga,WAS,66,18.9,1.764,3.5,0.504,1.0556,1.3,0.812,0.4,3.4,1.2,0.7,0.3,0.9,5
280,Talen Horton-Tucker,LAL,6,13.5,2.335,5,0.467,0.35,0.7,0.5,0.7,1.2,1,1.3,0.2,1,5.7
281,Mason Plumlee,DEN,61,17.3,2.8905,4.7,0.615,1.3375,2.5,0.535,0,5.2,2.5,0.5,0.6,1.3,7.2
282,Mychal Mulder,GSW,7,29.1,3.7248,9.6,0.388,1.275,1.7,0.75,2.3,3.3,1.1,0.3,0.1,0.7,11
283,Wesley Matthews,MIL,67,24.4,2.4948,6.3,0.396,0.765,1,0.765,1.6,2.5,1.4,0.6,0.1,0.6,7.4
284,Torrey Craig,DEN,58,18.5,2.1206,4.6,0.461,0.3666,0.6,0.611,0.8,3.3,0.8,0.4,0.6,0.4,5.4
285,Malik Monk,CHA,55,21.3,3.8626,8.9,0.434,1.476,1.8,0.82,1.1,2.9,2.1,0.5,0.3,1.4,10.3
286,Tony Bradley,UTA,58,11.4,2.2011,3.3,0.667,0.5216,0.8,0.652,0.1,4.6,0.4,0.2,0.6,0.5,4.9
287,Frank Kaminsky,PHO,39,19.9,3.555,7.9,0.45,1.5594,2.3,0.678,1.1,4.5,1.9,0.4,0.3,0.9,9.7
288,Kyle Korver,MIL,58,16.5,2.193,5.1,0.43,0.5978,0.7,0.854,1.7,2.1,1.2,0.4,0.2,0.8,6.7
289,Bol Bol,DEN,6,14.5,2.35,4.7,0.5,1.36,1.7,0.8,0.7,3.2,1,0.3,1,1.7,6.7
290,Daniel Gafford,CHI,43,14.2,2.1731,3.1,0.701,0.7462,1.4,0.533,0,2.5,0.5,0.3,1.3,0.7,5.1
291,Solomon Hill,MIA,59,18.4,1.8612,4.7,0.396,0.6669,0.9,0.741,1.1,2.8,1.8,0.7,0.2,0.8,5.5
292,C.J. Miles,FA,10,16.1,1.8998,5.9,0.322,1.5,2,0.75,1.1,1.2,1.2,1,0.4,0.4,6.4
293,Jahlil Okafor,NOR,30,15.6,3.3642,5.4,0.623,1.3545,2.1,0.645,0,4.2,1.2,0.2,0.7,1.3,8.1
294,James Ennis,ORL,69,18.3,2.3192,5.2,0.446,1.1284,1.4,0.806,0.8,3.6,0.9,0.5,0.3,0.8,6.6
295,Denzel Valentine,CHI,36,13.6,2.6994,6.6,0.409,0.15,0.2,0.75,1.3,2.1,1.2,0.7,0.2,0.7,6.8
296,Wilson Chandler,BKN,35,21,2.1008,5.2,0.404,0.609,0.7,0.87,1.1,4.1,1.1,0.5,0.3,1,5.9
297,Justise Winslow,MEM,11,32,4.5396,11.7,0.388,1.6675,2.5,0.667,0.5,6.6,4,0.6,0.5,2.2,11.3
298,Darius Garland,CLE,59,30.9,4.7318,11.8,0.401,1.05,1.2,0.875,1.8,1.9,3.9,0.7,0.1,2.5,12.3
299,Courtney Lee,DAL,24,14.4,1.6592,3.4,0.488,0.2571,0.3,0.857,0.9,1.3,0.5,0.8,0.3,0.5,4.5
300,David Nwaba,HOU,20,13.4,1.8756,3.6,0.521,0.9338,1.4,0.667,0.6,2.3,0.4,0.6,0.6,0.4,5.2
301,Jalen Brunson,DAL,57,17.9,3.1688,6.8,0.466,1.0569,1.3,0.813,0.8,2.4,3.3,0.4,0.1,1.2,8.2
302,Luke Kornet,CHI,36,15.5,2.2828,5.2,0.439,0.5712,0.8,0.714,0.9,2.3,0.9,0.3,0.7,0.4,6
303,Trey Burke,DAL,33,15.8,2.835,6.3,0.45,0.7137,0.9,0.793,1,1.5,2.5,0.5,0.1,0.6,7.4
304,Dragan Bender,GSW,16,17.8,2.5868,5.8,0.446,0.6426,0.9,0.714,0.9,4.6,1.8,0.3,0.6,1.3,6.7
305,Chris Chiozza,BKN,28,14.3,1.965,5,0.393,0.2,0.2,1,1,1.9,3,0.8,0.1,1.1,5.1
306,Jalen McDaniels,CHA,16,18.3,2.0724,4.4,0.471,0.9064,1.1,0.824,0.6,4.1,0.8,0.5,0.2,0.8,5.6
307,Kenrich Williams,NOR,39,21.3,1.3186,3.8,0.347,0.2422,0.7,0.346,0.6,4.8,1.5,0.7,0.5,0.6,3.5
308,Drew Eubanks,SAS,22,12.4,1.926,3,0.642,0.9228,1.2,0.769,0,3.9,0.7,0.2,0.8,1,4.9
309,Grayson Allen,MEM,39,19,3.0225,6.5,0.465,1.0212,1.2,0.851,1.5,2.3,1.4,0.3,0.1,0.9,8.5
310,Isaiah Thomas,FA,40,23.1,4.3656,10.7,0.408,1.5504,1.9,0.816,2,1.7,3.7,0.3,0.2,1.9,12.2
311,Luguentz Dort,OKC,36,22.8,2.3973,6.1,0.393,1.188,1.5,0.792,0.8,2.3,0.8,0.9,0.1,0.6,6.8
312,E'Twaun Moore,NOR,56,18.2,3.3228,7.8,0.426,0.5512,0.8,0.689,1.1,2.3,1.4,0.6,0.2,0.7,8.3
313,Isaiah Hartenstein,FA,23,11.6,1.9053,2.9,0.657,0.8148,1.2,0.679,0,3.9,0.8,0.4,0.5,0.7,4.7
314,Timothe Luwawu-Cabarrot,BKN,47,18.1,2.4795,5.7,0.435,1.4484,1.7,0.852,1.3,2.7,0.6,0.4,0.1,0.8,7.8
315,Keita Bates-Diop,DEN,44,16.9,2.2631,5.3,0.427,1.224,1.7,0.72,0.8,2.9,0.7,0.4,0.5,0.4,6.5
316,Kyle O'Quinn,PHI,29,10.8,1.4326,2.9,0.494,0.385,0.7,0.55,0.2,4,1.8,0.2,0.8,0.7,3.5
317,Mike Scott,PHI,68,17.7,2.1726,5.1,0.426,0.4055,0.5,0.811,1.2,3.6,0.8,0.3,0.1,0.4,6
318,Boban Marjanovic,DAL,41,10.3,2.9223,5.1,0.573,1.0556,1.4,0.754,0.1,4.8,0.5,0.2,0.2,0.7,7
319,Bismack Biyombo,CHA,53,19.4,2.8236,5.2,0.543,1.6884,2.8,0.603,0,5.8,0.9,0.2,0.9,0.9,7.4
320,Sindarius Thornwell,NOR,2,17.7,2.9975,5.5,0.545,1,2,0.5,1,2,2,0.5,0.5,1,8
321,Al-Farouq Aminu,ORL,18,21.1,1.3968,4.8,0.291,1.048,1.6,0.655,0.5,4.8,1.2,1,0.4,0.9,4.3
322,Darius Bazley,OKC,61,18.5,2.0488,5.2,0.394,0.694,1,0.694,0.8,4,0.7,0.4,0.7,0.7,5.6
323,Mario Hezonja,POR,54,16.3,1.7179,4.1,0.419,0.902,1.1,0.82,0.5,3.4,0.9,0.7,0.2,0.8,4.8
324,Jarrett Culver,MIN,63,23.9,3.636,9,0.404,0.8778,1.9,0.462,1,3.4,1.7,0.9,0.6,1.3,9.2
325,Cody Martin,CHA,48,18.8,1.849,4.3,0.43,0.9044,1.4,0.646,0.4,3.3,2,0.8,0.2,0.9,5
326,Garrison Mathews,WAS,18,12.6,1.3299,3.1,0.429,1.7328,1.9,0.912,1.1,1.3,0.6,0.4,0.1,0.4,5.4
327,Wesley Iwundu,ORL,52,18.3,1.872,4.5,0.416,1.5276,1.9,0.804,0.5,2.5,1.2,0.5,0.3,0.5,5.8
328,JaKarr Sampson,IND,34,13.8,2.0094,3.4,0.591,0.5336,0.8,0.667,0.1,2.6,0.6,0.5,0.4,0.4,4.6
329,Cristiano Felicio,CHI,22,17.5,1.575,2.5,0.63,0.783,1,0.783,0,4.7,0.7,0.5,0.1,0.8,3.9
330,Chandler Hutchison,CHI,28,18.8,2.8791,6.3,0.457,1.652,2.8,0.59,0.4,3.8,0.9,1,0.3,1,7.8
331,Tyler Johnson,BKN,39,18.2,2.4832,6.4,0.388,1.092,1.3,0.84,1,2,1.9,0.4,0.2,0.7,7
332,Blake Griffin,DET,18,28.5,4.8928,13.9,0.352,4.1904,5.4,0.776,1.5,4.7,3.3,0.4,0.4,2.2,15.5
333,Damyean Dotson,NYK,48,17.4,2.484,6,0.414,0.4669,0.7,0.667,1.2,1.9,1.2,0.5,0.1,0.4,6.7
334,Abdel Nader,OKC,55,15.8,2.2464,4.8,0.468,0.9276,1.2,0.773,0.9,1.8,0.7,0.4,0.4,0.8,6.3
335,Devontae Cacok,LAL,1,8.9,3,6,0.5,0,0,0,0,5,1,0,0,0,6
336,Khem Birch,ORL,48,19.2,1.53,3,0.51,1.3713,2.1,0.653,0,4.6,1,0.4,0.5,0.6,4.4
337,Sterling Brown,MIL,52,14.7,1.8179,4.9,0.371,0.64,0.8,0.8,0.8,3.5,1,0.6,0.1,0.8,5.1
338,Kelan Martin,MIN,31,16,2.2736,5.8,0.392,0.968,1,0.968,0.8,3.1,0.7,0.2,0.3,0.6,6.4
339,RJ Barrett,NYK,56,30.4,5.226,13,0.402,2.763,4.5,0.614,1.1,5,2.6,1,0.3,2.2,14.3
340,Gary Clark,ORL,42,13.5,1.2992,3.2,0.406,0.18,0.2,0.9,0.9,2.6,0.4,0.1,0.5,0.2,3.7
341,Hamidou Diallo,OKC,46,19.5,2.8544,6.4,0.446,0.8442,1.4,0.603,0.3,3.6,0.8,0.8,0.2,1.1,6.9
342,John Konchar,MEM,19,9.5,1.2331,1.9,0.649,0.05,0.1,0.5,0.3,2.5,1.2,0.4,0.2,0.4,2.8
343,J.J. Barea,DAL,29,15.5,2.9181,7.1,0.411,0.7272,0.8,0.909,1.1,1.8,3.9,0.2,0.1,1.3,7.7
344,Ryan Broekhoff,FA,17,10.6,1.3055,3.5,0.373,0.4375,0.5,0.875,1.2,2.5,0.6,0.3,0.2,0.4,4.2
345,Georges Niang,UTA,66,14,2.1462,4.9,0.438,0.3332,0.4,0.833,1.4,1.9,0.7,0.3,0.1,0.5,5.9
346,Lonnie Walker,SAS,61,16.2,2.5134,5.9,0.426,0.721,1,0.721,0.7,2.3,1.1,0.5,0.2,0.7,6.4
347,Marques Bolden,FA,1,2.8,0,0,0,0,0,0,0,2,0,1,0,0,0
348,Anfernee Simons,POR,70,20.7,3.0723,7.7,0.399,1.0738,1.3,0.826,1.1,2.2,1.4,0.4,0.1,0.9,8.3
349,Cheick Diallo,PHO,47,10.2,1.944,3,0.648,0.6976,0.8,0.872,0,2.8,0.5,0.2,0.3,0.7,4.7
350,Bruno Caboclo,HOU,30,8.1,1.281,3,0.427,0.2667,0.3,0.889,0.2,2,0.4,0.5,0.6,0.4,3
351,Mike Muscala,OKC,47,12.2,1.628,4,0.407,0.409,0.5,0.818,1.1,2.3,0.9,0.2,0.3,0.4,4.8
352,Thon Maker,DET,60,12.9,1.5424,3.2,0.482,1.1952,1.8,0.664,0.4,2.8,0.7,0.4,0.7,0.8,4.7
353,Emmanuel Mudiay,UTA,54,15.7,2.778,6,0.463,1.1385,1.5,0.759,0.6,2.3,2.1,0.4,0.2,1.4,7.3
354,Jamal Crawford,BKN,1,6,2,4,0.5,0,0,0,1,0,3,0,0,0,5
355,Jordan Poole,GSW,57,22.3,2.9304,8.8,0.333,1.6758,2.1,0.798,1.3,2.1,2.4,0.6,0.2,1.3,8.8
356,Juancho Hernangomez,MIN,48,17.4,2.0655,5.1,0.405,0.93,1.5,0.62,0.9,4.1,0.8,0.4,0.2,0.6,6
357,Ryan Arcidiacono,CHI,58,16,1.5542,3.8,0.409,0.4977,0.7,0.711,0.9,1.9,1.7,0.5,0.1,0.6,4.5
358,Norvel Pelle,PHI,24,9.7,1.042,2,0.521,0.3,0.6,0.5,0,3,0.3,0.1,1.3,0.8,2.4
359,Grant Williams,BOS,69,15.1,1.2772,3.1,0.412,0.5776,0.8,0.722,0.3,2.6,1,0.4,0.5,0.7,3.4
360,P.J. Dozier,DEN,29,14.2,2.2356,5.4,0.414,0.724,1,0.724,0.6,1.9,2.2,0.5,0.2,0.9,5.8
361,Vince Carter,ATL,60,14.6,1.7952,5.1,0.352,0.3965,0.5,0.793,1,2.1,0.8,0.4,0.4,0.6,5
362,Wayne Ellington,NYK,36,15.5,1.6848,4.8,0.351,0.3384,0.4,0.846,1.4,1.8,1.2,0.4,0.1,0.5,5.1
363,Brandon Goodwin,ATL,34,12.7,2.24,5.6,0.4,0.8397,0.9,0.933,0.8,2.1,1.5,0.4,0.1,0.9,6.1
364,Iman Shumpert,FA,13,18.5,1.6072,4.9,0.328,0.2855,0.5,0.571,0.6,2.6,0.9,0.9,0.2,0.8,4.2
365,Noah Vonleh,DEN,36,10.5,1.469,2.6,0.565,0.7029,0.9,0.781,0.1,3.4,0.8,0.3,0.2,0.6,3.7
366,Donta Hall,BKN,9,14.8,1.6368,2.4,0.682,1,2,0.5,0,4.2,0.4,0.3,0.7,0.6,4.3
367,Frank Mason III,MIL,9,13.1,2.5707,5.7,0.451,1.1172,1.9,0.588,0.7,2.1,3.2,0.6,0.1,1.2,6.9
368,Thabo Sefolosha,HOU,41,10.6,0.8954,2.2,0.407,0.075,0.2,0.375,0.4,2.3,0.6,0.6,0.3,0.4,2.2
369,Ante Zizic,CLE,22,10,1.8777,3.3,0.569,0.6633,0.9,0.737,0,3,0.3,0.3,0.2,0.5,4.4
370,Raul Neto,PHI,54,12.4,1.8655,4.1,0.455,0.747,0.9,0.83,0.6,1.1,1.8,0.4,0.1,0.9,5.1
371,Rodions Kurucs,BKN,47,14.5,1.6948,3.8,0.446,0.5056,0.8,0.632,0.7,2.9,1.1,0.5,0.1,1,4.6
372,Matt Thomas,TOR,41,10.7,1.8019,3.7,0.487,0.225,0.3,0.75,1.1,1.5,0.5,0.2,0,0.4,4.9
373,Kevon Looney,GSW,20,13.1,1.468,4,0.367,0.45,0.6,0.75,0.1,3.3,1,0.6,0.3,0.7,3.4
374,Marco Belinelli,SAS,57,15.5,2.156,5.5,0.392,0.828,1,0.828,1.2,1.7,1.2,0.2,0,0.3,6.3
375,Justin Jackson,DAL,65,16.1,2.0592,5.2,0.396,0.672,0.8,0.84,0.7,2.4,0.8,0.2,0.2,0.2,5.5
376,Alfonzo McKinnie,CLE,40,14.8,1.8361,4.3,0.427,0.568,0.8,0.71,0.4,2.8,0.4,0.6,0.2,0.7,4.6
377,Luka Samanic,SAS,3,16.1,1.6589,5.3,0.313,0.975,1.3,0.75,1,3.3,2,0,0.7,0.7,5.3
378,Willy Hernangomez,CHA,31,12.1,2.3805,4.5,0.529,1.1913,1.9,0.627,0.2,4.4,0.9,0.3,0.2,0.9,6.1
379,Jeremy Pargo,FA,3,14.8,3.65,7.3,0.5,0,0.3,0,1,1,2.7,0.3,0,1.3,8.3
380,Patrick Patterson,LAC,59,13.2,1.5912,3.9,0.408,0.5698,0.7,0.814,1.1,2.6,0.7,0.1,0.1,0.4,4.9
381,Jerome Robinson,WAS,63,15.5,1.8179,4.9,0.371,0.6318,0.9,0.702,0.8,2,1.4,0.5,0.3,0.8,5.1
382,Anthony Tolliver,MEM,56,16,1.188,3.3,0.36,0.4452,0.6,0.742,0.9,2.8,0.8,0.3,0.2,0.6,3.7
383,Terrance Ferguson,OKC,56,22.5,1.3845,3.9,0.355,0.3,0.4,0.75,0.9,1.3,0.9,0.5,0.3,0.6,3.9
384,Johnathan Williams,WAS,15,12,1.2857,2.3,0.559,0.4842,0.9,0.538,0,4.3,0.5,0.1,0.5,0.3,3
385,Chandler Parsons,FA,5,10.8,1.0008,3.6,0.278,0,0,0,0.8,1.4,0.6,0.8,0.2,0.6,2.8
386,Kevin Knox II,NYK,65,17.9,2.2258,6.2,0.359,1.0448,1.6,0.653,1,2.8,0.9,0.4,0.4,0.7,6.4
387,Bruno Fernando,ATL,56,12.7,1.8648,3.6,0.518,0.5121,0.9,0.569,0.1,3.5,0.9,0.3,0.3,0.8,4.3
388,Tacko Fall,BOS,7,4.6,1.572,2,0.786,0.1332,0.4,0.333,0,2.1,0.1,0.1,0.6,0.4,3.3
389,Robin Lopez,MIL,66,14.5,2.214,4.5,0.492,0.4224,0.8,0.528,0.5,2.4,0.7,0.2,0.7,1,5.4
390,DaQuan Jeffries,SAC,13,10.9,1.55,3.1,0.5,0.4165,0.5,0.833,0.4,1.4,0.5,0.3,0.1,0.2,3.8
391,Sekou Doumbouya,DET,38,19.8,2.418,6.2,0.39,0.8088,1.2,0.674,0.7,3.1,0.5,0.5,0.2,0.9,6.4
392,Semi Ojeleye,BOS,69,14.6,1.1424,2.8,0.408,0.4375,0.5,0.875,0.7,2.1,0.5,0.3,0.1,0.3,3.4
393,Edmond Sumner,IND,31,14.4,1.978,4.6,0.43,0.4968,0.9,0.552,0.5,1.5,1.8,0.5,0.3,0.7,4.9
394,Allen Crabbe,FA,37,17.6,1.7088,4.8,0.356,0.2856,0.4,0.714,1,2.1,0.9,0.4,0.1,0.5,4.6
395,Anzejs Pasecniks,WAS,26,16.8,2.367,4.5,0.526,1.2892,2.2,0.586,0,4.1,0.7,0.3,0.5,0.9,6
396,Chris Clemons,HOU,33,8.8,1.7243,4.3,0.401,0.2727,0.3,0.909,1.1,0.9,0.8,0.3,0.2,0.6,4.9
397,Dante Exum,CLE,35,13.9,1.6014,3.4,0.471,0.8928,1.2,0.744,0.4,1.9,1.1,0.4,0.2,0.9,4.5
398,Kadeem Allen,FA,10,11.7,1.9008,4.4,0.432,0.6996,1.1,0.636,0.5,0.9,2.1,0.5,0.2,0.8,5
399,Ed Davis,UTA,28,10.8,0.7648,1.6,0.478,0.25,0.5,0.5,0,3.8,0.4,0.4,0.3,0.5,1.8
400,Javonte Green,BOS,48,9.7,1.3,2.6,0.5,0.6003,0.9,0.667,0.2,1.9,0.5,0.5,0.2,0.5,3.4
401,Goga Bitadze,IND,54,8.7,1.3076,2.8,0.467,0.4362,0.6,0.727,0.1,2,0.4,0.2,0.7,0.5,3.2
402,Miye Oni,UTA,10,10.9,1.2,3.2,0.375,0.4,0.5,0.8,0.7,1.7,0.4,0.4,0.2,0.4,3.5
403,Alen Smailagic,GSW,14,9.9,1.45,2.9,0.5,1.1788,1.4,0.842,0.2,1.9,0.9,0.2,0.3,0.8,4.2
404,Tim Frazier,FA,27,13.1,1.267,3.5,0.362,0.7128,0.9,0.792,0.4,1.2,3.4,0.5,0.1,1.3,3.6
405,Elie Okobo,PHO,55,13.1,1.3134,3.3,0.398,0.9152,1.3,0.704,0.5,1.6,2.1,0.5,0.1,0.7,4
406,Dusty Hannahs,FA,2,6.7,1.998,4.5,0.444,1,1,1,1,0.5,0,0,0,0,6
407,Rodney McGruder,LAC,56,15.6,1.2736,3.2,0.398,0.3354,0.6,0.559,0.4,2.7,0.7,0.5,0.1,0.4,3.3
408,Yogi Ferrell,SAC,50,10.6,1.596,3.8,0.42,0.6856,0.8,0.857,0.5,1,1.4,0.4,0.1,0.6,4.4
409,Allonzo Trier,NYK,24,12.1,2.1164,4.4,0.481,1.4238,1.8,0.791,0.8,1.2,1.2,0.1,0.2,0.9,6.5
410,Jarrell Brantley,UTA,9,10.7,1.1067,3.1,0.357,0.1,0.2,0.5,0.3,2.2,1.2,0.3,0.6,0.8,2.7
411,Ryan Anderson,FA,2,7,1.001,3.5,0.286,0,0,0,0.5,3.5,1,0.5,0,0.5,2.5
412,Paul Watson,TOR,10,8.7,1.001,2.6,0.385,0.7002,0.9,0.778,0.4,1.7,0.8,0.4,0.1,0.3,3.1
413,Tremont Waters,BOS,11,10.8,1.287,4.5,0.286,0.7,0.7,1,0.4,1.1,1.5,0.9,0.2,1.4,3.6
414,Brandon Knight,DET,25,18.5,2.3651,6.7,0.353,0.8232,1.4,0.588,1.8,1.6,2.8,0.4,0.1,1.5,7.3
415,Chris Silva,MIA,44,7.9,1.107,1.8,0.615,0.8749,1.3,0.673,0,2.9,0.5,0.2,0.5,0.7,3
416,Mfiondu Kabengele,LAC,12,5.4,1.1826,2.7,0.438,0.4,0.4,1,0.8,0.9,0.2,0.2,0.2,0.2,3.5
417,Zylan Cheatham,NOR,4,12.8,1.5341,2.3,0.667,0,0,0,0,2.3,0.8,0.3,0.3,1,3
418,Chasson Randle,GSW,3,13.5,0,1.3,0,1.666,2,0.833,0,0.7,1.7,0.7,0,0,1.7
419,Evan Turner,MIN,19,13.2,1.3055,3.5,0.373,0.5999,0.7,0.857,0,2,2,0.5,0.4,1.4,3.3
420,Treveon Graham,ATL,55,16.9,1.584,4.4,0.36,0.643,1,0.643,0.6,2.7,0.8,0.4,0.1,0.5,4.4
421,Nickeil Alexander-Walker,NOR,47,12.6,2.0976,5.7,0.368,0.5408,0.8,0.676,1,1.8,1.9,0.4,0.2,1.1,5.7
422,Nicolas Claxton,BKN,15,12.5,1.8016,3.2,0.563,0.7336,1.4,0.524,0.1,2.9,1.1,0.1,0.5,0.6,4.4
423,Marko Guduric,MEM,44,11,1.422,3.6,0.395,0.5538,0.6,0.923,0.6,1.7,1,0.3,0.2,0.8,3.9
424,Matthew Dellavedova,CLE,57,14.4,1.0974,3.1,0.354,0.519,0.6,0.865,0.4,1.3,3.2,0.4,0,1,3.1
425,Nassir Little,POR,48,11.9,1.333,3.1,0.43,0.5724,0.9,0.636,0.3,2.3,0.5,0.3,0.3,0.3,3.6
426,Jacob Evans,MIN,29,14.4,1.5456,4.6,0.336,0.862,1,0.862,0.4,1.4,1.1,0.4,0.4,0.9,4.4
427,Chimezie Metu,SAS,18,5.8,1.3133,2.3,0.571,0.5383,0.7,0.769,0,1.8,0.6,0.2,0.3,0.6,3.2
428,Ty Jerome,PHO,31,10.6,1.2096,3.6,0.336,0.375,0.5,0.75,0.5,1.5,1.4,0.5,0.1,0.6,3.3
429,Quinn Cook,LAL,44,11.5,2.0727,4.9,0.423,0.2358,0.3,0.786,0.7,1.2,1.1,0.3,0,0.8,5.1
430,Dean Wade,CLE,12,6,0.7612,1.1,0.692,0,0.1,0,0.2,1.6,0.2,0.2,0.3,0.3,1.7
431,Jared Dudley,LAL,45,8.1,0.52,1.3,0.4,0,0,1,0.4,1.2,0.6,0.3,0.1,0.2,1.5
432,Frank Jackson,NOR,59,13.5,2.268,5.6,0.405,0.9711,1.3,0.747,0.8,1.4,1,0.3,0.1,0.8,6.3
433,Jaylen Nowell,MIN,15,10.1,1.253,3.5,0.358,1.0351,1.1,0.941,0.2,0.9,1.3,0.2,0.1,0.2,3.8
434,Troy Daniels,DEN,47,11.3,1.548,4,0.387,0.1875,0.3,0.625,1,1.1,0.4,0.2,0.1,0.3,4.3
435,Vincent Poirier,BOS,21,6.2,0.8024,1.7,0.472,0.2571,0.3,0.857,0,2,0.4,0.1,0.4,0.4,2
436,Justin Wright-Foreman,UTA,4,11.3,1.75,5,0.35,0.75,1,0.75,0.5,1.3,1.8,0.5,0,0.8,4.8
437,Tyson Chandler,HOU,26,8.4,0.5446,0.7,0.778,0.231,0.5,0.462,0,2.5,0.2,0.2,0.3,0.3,1.3
438,Andre Roberson,OKC,7,12.4,1.1316,4.1,0.276,0.15,0.3,0.5,0.4,3.9,0.6,0.1,0.4,0.3,2.9
439,Melvin Frazier,ORL,19,6.6,0.7938,1.8,0.441,0.1,0.2,0.5,0.4,0.5,0.2,0.5,0.1,0.3,2.1
440,Matt Mooney,CLE,4,4.7,0.25,1,0.25,0,0,0,0,0.8,0.3,0.5,0.3,0,0.5
441,Shamorie Ponds,FA,4,2.6,0.78,1.3,0.6,0.5,0.5,1,0.3,0.3,0.5,0,0.3,0,2.3
442,Dwayne Bacon,CHA,39,17.6,2.1924,6.3,0.348,0.924,1.4,0.66,0.5,2.6,1.3,0.6,0.1,0.9,5.7
443,Corey Brewer,SAC,5,6.5,0.4,0.8,0.5,0.1998,0.6,0.333,0,1.6,0.4,0.8,0,0.4,1
444,Derrick Walton Jr.,FA,26,9.5,0.693,1.5,0.462,0.2334,0.3,0.778,0.4,0.6,1,0.3,0,0.2,2
445,Admiral Schofield,WAS,33,11.2,1.064,2.8,0.38,0.3335,0.5,0.667,0.6,1.4,0.5,0.2,0.1,0.2,3
446,Terance Mann,LAC,41,8.8,0.8892,1.9,0.468,0.4669,0.7,0.667,0.2,1.3,1.3,0.3,0.1,0.4,2.4
447,DeMarre Carroll,HOU,24,12.1,1.0612,2.8,0.379,1.242,1.8,0.69,0.3,2.3,1,0.3,0.2,0.7,3.6
448,T.J. Leaf,IND,28,7.9,1.2989,3.1,0.419,0.2628,0.6,0.438,0.2,2.5,0.3,0.4,0.1,0.3,3
449,Adam Mokoka,CHI,11,10.2,1.0725,2.5,0.429,0.2,0.4,0.5,0.5,0.9,0.4,0.4,0,0.2,2.9
450,Wenyen Gabriel,POR,31,7.9,0.6896,1.6,0.431,0.4774,0.7,0.682,0.2,1.7,0.3,0.4,0.2,0.5,2.1
451,Theo Pinson,NYK,33,11.1,1.363,4.7,0.29,0.469,0.5,0.938,0.5,1.6,1.7,0.5,0.1,1,3.6
452,Dennis Smith Jr.,NYK,34,15.8,2.1142,6.2,0.341,0.8144,1.6,0.509,0.5,2.3,2.9,0.8,0.2,1.7,5.5
453,KZ Okpala,MIA,5,5.2,0.6,1,0.6,0.2,0.4,0.5,0,1,0.2,0.4,0.2,0.2,1.4
454,Dzanan Musa,BKN,40,12.2,1.5996,4.3,0.372,1.125,1.5,0.75,0.5,2.2,1.1,0.4,0,0.9,4.8
455,Joakim Noah,LAC,5,10,0.8,1.6,0.5,1.2,1.6,0.75,0,3.2,1.4,0.2,0.2,1.2,2.8
456,Jaylen Hoard,POR,13,7.9,1.1725,2.5,0.469,0.615,1,0.615,0,2.5,0.3,0.4,0,0.3,2.9
457,Naz Long,IND,5,9.4,1.2002,3.4,0.353,0,0,0,0.4,1.4,1.6,0.2,0.2,0.6,2.8
458,Jordan Bell,CLE,29,8.8,1.2006,2.3,0.522,0.6743,1.1,0.613,0.1,2.8,0.6,0.1,0.3,0.7,3.2
459,Alize Johnson,IND,17,6.9,0.7038,1.7,0.414,0.42,0.6,0.7,0.2,2.8,0.4,0.2,0.1,0.4,2
460,Carsen Edwards,BOS,37,9.5,1.148,3.5,0.328,0.342,0.5,0.684,0.6,1.3,0.6,0.3,0.1,0.4,3.3
461,Tyler Cook,DEN,13,4.2,0.6003,0.9,0.667,0.525,0.6,0.875,0,1.1,0.1,0.2,0,0.2,1.8
462,D.J. Wilson,MIL,37,9.8,1.4184,3.6,0.394,0.3055,0.5,0.611,0.5,2.5,0.7,0.1,0.1,0.5,3.6
463,Udonis Haslem,MIA,4,11,1.0192,2.8,0.364,0.75,1,0.75,0.3,4,0.3,0,0,0.3,3
464,Johnathan Motley,LAC,13,3.2,0.8796,1.2,0.733,0.357,0.5,0.714,0.1,0.8,0.5,0.2,0,0.4,2.2
465,Caleb Swanigan,POR,27,10.7,1.0132,1.7,0.596,0.3174,0.6,0.529,0,3.7,1.1,0.1,0.3,1.4,2.4
466,Jarrod Uthoff,WAS,7,7.6,1.0114,2.6,0.389,0.3,0.3,1,0.4,0.9,0,0.1,0,0,2.7
467,Jerian Grant,WAS,6,13.4,1.665,4.5,0.37,0.8568,1.2,0.714,0.3,1,1.5,0.2,0.2,0.5,4.5
468,Amir Coffey,LAC,18,8.8,1.278,3,0.426,0.327,0.6,0.545,0.3,0.9,0.8,0.3,0.1,0.4,3.2
469,Joe Chealey,CHA,4,8.4,0,1.8,0,0.5,0.5,1,0,0,0.3,1,0,0.5,0.5
470,Max Strus,CHI,2,3.1,1.0005,1.5,0.667,0.5,0.5,1,0,0.5,0,0,0,0,2.5
471,Zach Norvell Jr.,FA,5,8.2,0.6,2.4,0.25,0.2,0.2,1,0.6,1.2,0.6,0.4,0,0.6,2
472,Jonah Bolden,FA,7,6.7,0.5824,1.6,0.364,0.3,0.6,0.5,0,1.3,0,0.4,0.3,0.3,1.4
473,Gabe Vincent,MIA,9,9.2,0.8856,4.1,0.216,0,0,0,0.7,0.6,0.7,0.6,0,0.1,2.4
474,Nigel Williams-Goss,UTA,10,5,0.5008,1.6,0.313,0.2,0.2,1,0.2,0.6,0.6,0.3,0.1,0.3,1.4
475,Justin Anderson,BKN,10,10.7,0.9994,3.8,0.263,0.2,0.4,0.5,0.6,2.1,0.8,0,0.6,0.4,2.8
476,Charlie Brown,ATL,10,4,0.6004,1.9,0.316,0.5,0.5,1,0.3,0.4,0.2,0.2,0.2,0.3,2
477,Romeo Langford,BOS,32,11.6,0.875,2.5,0.35,0.576,0.8,0.72,0.2,1.3,0.4,0.2,0.3,0.3,2.5
478,Juwan Morgan,UTA,21,6.4,0.6924,1.2,0.577,0.15,0.2,0.75,0.1,1.4,0.3,0,0.1,0.3,1.7
479,Michael Kidd-Gilchrist,DAL,25,11.2,0.8658,2.6,0.333,0.4716,0.6,0.786,0.2,2.7,0.6,0.1,0.2,0.6,2.4
480,Luc Mbah a Moute,HOU,3,8.2,0.68,1.7,0.4,0.35,0.7,0.5,0,0.7,0,0.7,0,0.3,1.7
481,Justin James,SAC,35,6.6,1.0008,2.4,0.417,0.2856,0.6,0.476,0.3,0.9,0.5,0.2,0.3,0.2,2.5
482,Tariq Owens,PHO,3,5.1,0.34,1.7,0.2,0.7,0.7,1,0,1,0,0.3,0,0,1.3
483,Oshae Brissett,TOR,19,7.1,0.6859,1.9,0.361,0.4,0.5,0.8,0.2,1.4,0.4,0.2,0.1,0.4,1.9
484,Stanley Johnson,TOR,25,6,0.8952,2.4,0.373,0.3378,0.6,0.563,0.3,1.5,0.8,0.2,0.2,0.6,2.4
485,Rayjon Tucker,UTA,19,8.5,1.0695,2.3,0.465,0.9912,1.2,0.826,0.2,1.1,0.3,0.1,0.1,0.4,3.3
486,Jarred Vanderbilt,MIN,11,4.2,0.4375,0.7,0.625,0.2,0.2,1,0,0.8,0.2,0.3,0.1,0.6,1.1
487,B.J. Johnson,ORL,10,8.3,0.8992,3.2,0.281,0.9,1,0.9,0.3,1.5,0.3,0.3,0,0.6,3
488,Ty Wallace,FA,14,11.5,0.9858,3.1,0.318,0.7764,1.2,0.647,0.1,1.6,0.9,0.5,0.1,0.7,2.9
489,Yuta Watanabe,MEM,18,5.8,0.8379,1.9,0.441,0.15,0.4,0.375,0.2,1.1,0.3,0.2,0.1,0.1,2
490,Deonte Burton,OKC,39,9.1,1.1008,3.2,0.344,0.2284,0.4,0.571,0.3,1.5,0.4,0.2,0.3,0.5,2.7
491,Lance Thomas,BKN,7,14,1.1484,3.3,0.348,0.6,0.6,1,0.6,1.9,0.9,0,0,0.9,3.4
492,Malcolm Miller,TOR,28,5.8,0.414,1,0.414,0.1125,0.3,0.375,0.3,0.6,0.4,0.2,0.1,0.1,1.3
493,Thanasis Antetokounmpo,MIL,20,6.4,1.2,2.4,0.5,0.3708,0.9,0.412,0,1.2,0.8,0.4,0.1,0.6,2.8
494,Josh Magette,FA,8,4.7,0.6327,1.9,0.333,0.15,0.3,0.5,0.1,0.8,0.6,0.4,0.1,0.6,1.5
495,Quinndary Weatherspoon,SAS,10,7.8,0.4998,1.7,0.294,0.1,0.2,0.5,0.1,0.7,1.1,0.3,0.1,0.5,1.2
496,Justin Robinson,FA,9,5.4,0.5421,1.3,0.417,0,0,0,0.3,0.6,0.8,0,0.1,0.3,1.4
497,Kevin Hervey,OKC,10,5.2,0.6993,2.7,0.259,0,0,0,0.3,1.2,0.5,0.1,0.1,0,1.7
498,Vlatko Cancar,DEN,14,3.2,0.44,1.1,0.4,0.3,0.3,1,0.1,0.7,0.2,0.1,0.1,0.2,1.2
499,Josh Reaves,DAL,4,7.1,0.7659,2.3,0.333,0.5,0.5,1,0,0.8,0.8,0,0,0,2
500,Khyri Thomas,DET,8,7.7,0.6174,2.1,0.294,0.25,0.5,0.5,0.6,0.1,0.4,0.4,0,0.4,2.1
501,Dewan Hernandez,TOR,6,4.7,0.8211,2.3,0.357,0.48,0.8,0.6,0.2,2.3,0.5,0.2,0,0.5,2.3
502,Louis King,DET,10,6.2,0.8001,2.1,0.381,0,0.3,0,0.4,1,0.5,0.2,0,0.2,2
503,Kostas Antetokounmpo,LAL,5,4,0.6,0.6,1,0.2,0.4,0.5,0,0.6,0.4,0,0,0.2,1.4
504,Justin Patton,DET,5,4.8,0.8,2,0.4,0,0,0,0.2,1,0.4,0,0,0.4,1.8
505,Antonius Cleveland,DAL,11,4.2,0.3718,1.3,0.286,0.3,0.5,0.6,0,0.6,0.1,0.1,0.3,0.2,1
506,Devon Hall,OKC,11,7.3,0.54,2.7,0.2,0.35,0.7,0.5,0.4,0.6,1.2,0.4,0.1,0.5,1.8
507,Kyle Guy,SAC,3,3.2,0.68,1.7,0.4,0,0,0,0,0.3,0.3,0,0,0,1.3
508,Zhaire Smith,PHI,7,4.6,0.4368,1.6,0.273,0.3,0.6,0.5,0,0.3,0.3,0.4,0,0.3,1.1
509,Brian Bowen II,IND,6,5.2,0.51,1.7,0.3,0,0,0,0,1.2,0,0,0.2,0.2,1
510,Jordan Bone,DET,10,5.3,0.5,2,0.25,0,0,0,0.2,0.4,0.8,0.1,0,0.2,1.2
511,Jalen Lecque,PHO,5,6.3,0.8,2,0.4,0.4,0.4,1,0,0.4,0.4,0,0,0.4,2
512,Tyler Zeller,SAS,2,1.9,0.5,2,0.25,0,0,0,0,2,0,0,0,0,1
513,Kyle Alexander,MIA,2,6.7,0.5,1,0.5,0,0,0,0,1.5,0,0,0,0.5,1
514,J.R. Smith,LAL,6,13.2,1.1766,3.7,0.318,0.3,0.3,1,0.2,0.8,0.5,0.2,0,0.7,2.8
515,Marial Shayok,PHI,4,7,0.75,3,0.25,0.75,1,0.75,0.5,1.8,0.3,0,0.3,0.8,2.8
516,Vic Law,ORL,8,7.7,0.7659,2.3,0.333,0.2664,0.8,0.333,0.1,1.4,0.4,0.3,0,0.3,1.9
517,Ignas Brazdeikis,NYK,9,5.9,0.6552,2.4,0.273,0.48,0.6,0.8,0.1,0.6,0.4,0,0.1,0.2,1.9
518,J.P. Macura,FA,1,0.6,0,0,0,0,0,0,0,0,0,0,0,0,0
519,Henry Ellenson,FA,5,3,0.2002,1.4,0.143,0,0,0,0,1.2,0.2,0,0,0,0.4
520,Amile Jefferson,FA,18,4.1,0.2856,0.8,0.357,0.2856,0.8,0.357,0,1.3,0.2,0.1,0.2,0.2,0.8
521,Moses Brown,POR,9,3.6,0.44,1.1,0.4,0.3375,0.9,0.375,0,1.6,0.1,0.1,0.1,0.3,1.2
522,Daryl Macon,FA,4,3.5,0.2664,0.8,0.333,0,0,0,0.3,0,0.3,0,0,0.5,0.8
523,Michael Frazier,HOU,13,11.1,0.5302,2.2,0.241,0.7073,1.1,0.643,0.3,0.8,0.2,0.2,0,0.4,2.1
524,Jared Harper,FA,3,2.6,0.325,1.3,0.25,0,0,0,0,0,0,0,0,0,0.7
525,Isaiah Roby,OKC,3,3.8,0,0.3,0,0,0,0,0,0.7,0,0,0,0.3,0
526,Stanton Kidd,FA,4,3.8,0,0.8,0,0,0,0,0,0.8,0.3,0,0,0.5,0
527,Malik Newman,FA,1,3.7,0,2,0,2,2,1,0,0,0,0,0,1,2
528,William Howard,HOU,2,6.6,0,2,0,0,0,0,0,1,0.5,0,0,0.5,0
529,Josh Gray,NOR,2,11.4,0.5,1,0.5,0,0,0,0,1,1,0,0,2.5,1